model,fit_seconds,oob_score,train_accuracy,train_balanced_accuracy,train_macro_f1,train_weighted_f1,val_accuracy,val_balanced_accuracy,val_macro_f1,val_weighted_f1,test_accuracy,test_balanced_accuracy,test_macro_f1,test_weighted_f1
Hist Gradient Boosting,26.917991638183594,,0.9542857142857143,0.9540982748161855,0.9541804142837367,0.9543083398482459,0.7183333333333334,0.7161841530274615,0.7168037448780855,0.7191334463547077,0.7,0.7039097528384602,0.7040759638849767,0.7016656221390866
Bagged Trees (correlated),38.893410205841064,0.6547619047619048,1.0,1.0,1.0,1.0,0.67,0.6680736600004381,0.6644168841666701,0.665905040283069,0.6455555555555555,0.6506687107423413,0.6460201701805695,0.6431991105873868
Random Forest (decorrelated),2.9533350467681885,0.6445238095238095,1.0,1.0,1.0,1.0,0.6472222222222223,0.6447812299606429,0.6381224927894448,0.6404397130044753,0.6438888888888888,0.6513607647475264,0.6419726167117226,0.6385924865714542
Extra Trees (highly decorrelated),0.8219804763793945,,1.0,1.0,1.0,1.0,0.6277777777777778,0.6249932833092754,0.616824311596886,0.6192670380311027,0.6177777777777778,0.6267407644867744,0.6143780136517465,0.6095986254987464
Single Decision Tree,2.2714805603027344,,0.9158333333333334,0.9165439141625576,0.9158531397130015,0.9161215303304957,0.505,0.5040770869616124,0.5028195727897086,0.5039022777938568,0.49333333333333335,0.4990336215464193,0.4974404038493388,0.49184998249805645
Dummy: Most Frequent,0.001268625259399414,,0.07,0.06666666666666667,0.008722741433021807,0.009158878504672896,0.06444444444444444,0.06666666666666667,0.008072372999304106,0.007803293899327302,0.05333333333333334,0.06666666666666667,0.006751054852320675,0.00540084388185654
